<?xml version="1.0"?>
<Updates>
<Description>Updates List Windows Server 2012 R2 with Update (Hyper-V Updates and Hotfixes) 17 Apr 14</Description>
	<Update Id="KB2919355">
        	<Description>2 Apr 14 Windows Server 2012 R2 Update April, 2014</Description>
   	</Update>  
	<Update Id="KB2919355">
        	<Description>16 Apr 14 Windows Server 2012 R2 Update April, 2014 (Updated)</Description>
   	</Update>	
	<Update Id="KB2919394">
        	<Description>Windows Server 2012 R2 Update. Check Microsoft KB For Details.</Description>
   	</Update>
	<Update Id="KB2919442">
        	<Description>Windows Server 2012 R2 Update. Check Microsoft KB For Details.</Description>
   	</Update>
	<Update Id="KB2920151">
        	<Description>Windows Server 2012 R2 Update. Check Microsoft KB For Details.</Description>
   	</Update>
	<Update Id="KB2928680">
        	<Description>Windows Server 2012 R2 Update. Check Microsoft KB For Details.</Description>
   	</Update>
   	<Update Id="KB2929869">
        	<Description>Windows Server 2012 R2 Update. Check Microsoft KB For Details.</Description>
   	</Update>
	<Update Id="KB2939087">
        	<Description>Windows Server 2012 R2 Update. Check Microsoft KB For Details.</Description>
   	</Update>
	<Update Id="KB2975061">
        	<Description>Windows Server 2012 R2 Update. Check Microsoft KB For Details.</Description>
   	</Update>
   	<Update Id="KB976424">
        	<Description>kpasswd protocol fails after you perform an authoritative restore: "KDC_ERROR_S_PRINCIPAL_UNKNOWN"</Description>
   	</Update>
</Updates>