UserLoginID,FirstName,LastName,EMail,DefaultPassword,HomeDrive,HomeDirectory,LoginScriptPath
AmberR,Amber,Russell,amber@adatum.com,Adatum@123,H:,\\ServerName\ShareName\,\\ServerName\ShareName\Login\Start.cmd
MiniD,Mini,Driver,minid@adatum.com,Adatum@123,H:,\\ServerName\ShareName\,\\ServerName\ShareName\Login\Start.cmd
SandraP,Sandra,Patterson,sandrap@adatum.com,Adatum@123,H:,\\ServerName\ShareName\,\\ServerName\ShareName\Login\Start.cmd
AlisterC,Alister,Cook,alisterc@adatum.com,Adatum@123,H:,\\ServerName\ShareName\,\\ServerName\ShareName\Login\Start.cmd
JamesA,James,Andersson,jamesa@adatum.com,Adatum@123,H:,\\ServerName\ShareName\,\\ServerName\ShareName\Login\Start.cmd
RameshT,Ramesh,Tiwary,ramesht@adatum.com,Adatum@123,H:,\\ServerName\ShareName\,\\ServerName\ShareName\Login\Start.cmd
JamesB,James,Bond,jamesb@adatum.com,Adatum@123,H:,\\ServerName\ShareName\,\\ServerName\ShareName\Login\Start.cmd
